BEGIN;

-- ================================================
-- PRODUCTION DATABASE IMPORT SCRIPT
-- ================================================

INSERT INTO scenes (id, name, sort_order, created_at) VALUES ('da773699-42c0-4aea-89ca-596178faf7c1', 'PROLOGUE', 0, '2025-10-10 20:05:57.658473');
INSERT INTO scenes (id, name, sort_order, created_at) VALUES ('93ca94c1-217c-4def-8cde-53d561cc01e9', 'DESERT FLOWER', 1, '2025-10-10 20:06:12.009114');
INSERT INTO scenes (id, name, sort_order, created_at) VALUES ('79583e64-d340-47bb-a19d-22dc6c0f88be', 'FULL SHOW', 2, '2025-10-10 21:45:59.907317');
INSERT INTO scenes (id, name, sort_order, created_at) VALUES ('99818997-3bbd-4dfc-882d-12453e20a31d', 'RESCUE SCENARIOS', 3, '2025-10-10 21:46:48.87469');
INSERT INTO scenes (id, name, sort_order, created_at) VALUES ('90c3275a-3b2b-4bee-b334-404905a55e76', 'CITY OPERA', 4, '2025-10-12 09:38:22.0288');
INSERT INTO scenes (id, name, sort_order, created_at) VALUES ('ff7f61eb-a4f7-4ee8-8681-4909c2604154', 'TOWERBRIDGE', 5, '2025-10-12 09:38:30.002398');
INSERT INTO scenes (id, name, sort_order, created_at) VALUES ('4156afb8-9919-4d17-81ba-6db5ea29475e', 'THE PORTAL', 6, '2025-10-12 09:55:51.532833');
INSERT INTO scenes (id, name, sort_order, created_at) VALUES ('d2c9caa5-6d37-46cc-8d5f-ad5165d04c4a', 'CHAPELLE', 7, '2025-10-12 09:38:36.726897');
INSERT INTO scenes (id, name, sort_order, created_at) VALUES ('ad2dd67a-fa76-487b-bc3a-3baccda5e0d8', 'SET THE WORLD', 8, '2025-10-12 09:38:43.01095');
INSERT INTO scenes (id, name, sort_order, created_at) VALUES ('e14a6f47-8764-4d4f-a74c-41690ac8c854', 'CASTLE', 9, '2025-10-12 09:38:51.956808');
INSERT INTO scenes (id, name, sort_order, created_at) VALUES ('f90c2a0f-921e-4ab1-9b68-104da0736137', 'JEWEL BOX', 10, '2025-10-12 09:39:01.238396');
INSERT INTO scenes (id, name, sort_order, created_at) VALUES ('5b3ad1bb-d82f-4a86-834f-2c065f33dab8', 'SHADOWS', 11, '2025-10-12 09:39:07.532792');
INSERT INTO scenes (id, name, sort_order, created_at) VALUES ('a3343bf0-9171-4a52-ade5-1bd68eb1318d', 'PILLARS', 12, '2025-10-12 09:39:14.232981');
INSERT INTO scenes (id, name, sort_order, created_at) VALUES ('14667872-59ee-4e29-bd78-ea32641eadc5', 'CAPTURE', 13, '2025-10-12 09:39:19.157841');
INSERT INTO scenes (id, name, sort_order, created_at) VALUES ('2e34b0e3-c76c-4b6a-a488-b9d054245a2c', 'SEASONS', 14, '2025-10-12 09:39:25.576686');
INSERT INTO scenes (id, name, sort_order, created_at) VALUES ('3f0e1584-6dec-434f-b73e-c063e906f2cc', 'COSMOS', 15, '2025-10-12 09:39:33.310352');
INSERT INTO scenes (id, name, sort_order, created_at) VALUES ('df91fa92-7114-4e32-a0e5-70462b68401f', 'SURRENDER', 16, '2025-10-12 09:39:39.13176');
INSERT INTO scenes (id, name, sort_order, created_at) VALUES ('78a5bbf4-21e5-4561-9a88-90f1bd2cf6f1', 'STORM', 17, '2025-10-12 09:39:44.431375');
INSERT INTO scenes (id, name, sort_order, created_at) VALUES ('68a4593d-35c5-4b25-9f30-a5b36c22ac33', 'FINALE', 18, '2025-10-12 09:40:16.210294');

INSERT INTO acts (id, name, scene_id, sort_order, created_at) VALUES ('6567acce-62ff-40bf-87b7-543458dcf7d8', 'Heaven', '14667872-59ee-4e29-bd78-ea32641eadc5', 20, '2025-10-12 10:05:25.309408');
INSERT INTO acts (id, name, scene_id, sort_order, created_at) VALUES ('dd89af21-487e-4f44-9d90-7fa1fb7bd962', 'Bungee Straps', '14667872-59ee-4e29-bd78-ea32641eadc5', 21, '2025-10-12 10:05:32.835862');
INSERT INTO acts (id, name, scene_id, sort_order, created_at) VALUES ('a6d9ee3b-dc0a-4f43-af19-fce3e9e0bba2', 'Silks', '2e34b0e3-c76c-4b6a-a488-b9d054245a2c', 22, '2025-10-12 10:05:49.20602');
INSERT INTO acts (id, name, scene_id, sort_order, created_at) VALUES ('5328a9c0-3cd6-4e93-a56f-c77e2148582f', 'Eden', '2e34b0e3-c76c-4b6a-a488-b9d054245a2c', 23, '2025-10-12 10:06:00.446235');
INSERT INTO acts (id, name, scene_id, sort_order, created_at) VALUES ('2df2d4b1-14e1-46f6-9a95-65c98af7b656', 'Wheel of LIfe', '3f0e1584-6dec-434f-b73e-c063e906f2cc', 24, '2025-10-12 10:06:14.820708');
INSERT INTO acts (id, name, scene_id, sort_order, created_at) VALUES ('8d2209bb-a76e-4a11-83ac-76a60bbd51e3', 'Acro Poles', '3f0e1584-6dec-434f-b73e-c063e906f2cc', 25, '2025-10-12 10:06:26.394808');
INSERT INTO acts (id, name, scene_id, sort_order, created_at) VALUES ('7270b069-a3a5-4635-8f00-65a02896b106', 'Creature Reveal', '4156afb8-9919-4d17-81ba-6db5ea29475e', 6, '2025-10-12 09:58:34.194897');
INSERT INTO acts (id, name, scene_id, sort_order, created_at) VALUES ('3507ab7d-6eef-4d46-b550-c1822f2a9a29', 'Kung Fu', '5b3ad1bb-d82f-4a86-834f-2c065f33dab8', 15, '2025-10-12 10:03:13.669868');
INSERT INTO acts (id, name, scene_id, sort_order, created_at) VALUES ('aed0f660-ba6f-49d0-90da-6c382fb5b07b', 'Monster', '5b3ad1bb-d82f-4a86-834f-2c065f33dab8', 16, '2025-10-12 10:03:34.952678');
INSERT INTO acts (id, name, scene_id, sort_order, created_at) VALUES ('673524d5-98f6-4896-83bb-7ebf803707b3', 'Taiko Drum', '68a4593d-35c5-4b25-9f30-a5b36c22ac33', 30, '2025-10-12 10:07:35.19086');
INSERT INTO acts (id, name, scene_id, sort_order, created_at) VALUES ('e5dff373-98f8-49fc-a6ad-c18007fd41d1', 'Cerceaux', '68a4593d-35c5-4b25-9f30-a5b36c22ac33', 31, '2025-10-12 10:07:43.375057');
INSERT INTO acts (id, name, scene_id, sort_order, created_at) VALUES ('f077eaa1-63cb-4d21-9c3f-bd8780f7f36d', 'Pole Dive', '68a4593d-35c5-4b25-9f30-a5b36c22ac33', 32, '2025-10-12 10:07:51.538326');
INSERT INTO acts (id, name, scene_id, sort_order, created_at) VALUES ('d71ad0b2-287b-4641-95c4-52932d262bdf', 'Storm', '78a5bbf4-21e5-4561-9a88-90f1bd2cf6f1', 28, '2025-10-12 10:07:03.087337');
INSERT INTO acts (id, name, scene_id, sort_order, created_at) VALUES ('d3bc28ec-6f97-4482-b649-14b4d852eb37', 'Goodbyes', '78a5bbf4-21e5-4561-9a88-90f1bd2cf6f1', 29, '2025-10-12 10:07:12.254964');
INSERT INTO acts (id, name, scene_id, sort_order, created_at) VALUES ('bd1efdd9-a678-4ffa-8d2a-4207c8484abb', 'FULL SHOW CONDITIONS', '79583e64-d340-47bb-a19d-22dc6c0f88be', 2, '2025-10-10 21:45:52.418285');
INSERT INTO acts (id, name, scene_id, sort_order, created_at) VALUES ('6b3ff452-e4ad-48dc-8c26-cc1d796f3f2e', 'Suspended Poles', '90c3275a-3b2b-4bee-b334-404905a55e76', 3, '2025-10-12 09:51:54.642516');
INSERT INTO acts (id, name, scene_id, sort_order, created_at) VALUES ('977acc70-fe99-4caf-8957-893f8ba62efd', 'Inverted Walks', '90c3275a-3b2b-4bee-b334-404905a55e76', 4, '2025-10-12 09:54:20.362102');
INSERT INTO acts (id, name, scene_id, sort_order, created_at) VALUES ('2abe430c-c88f-4c11-bb7f-6e7bd01780cd', 'Hair Hanging', '93ca94c1-217c-4def-8cde-53d561cc01e9', 0, '2025-10-10 20:06:31.390302');
INSERT INTO acts (id, name, scene_id, sort_order, created_at) VALUES ('138f2c52-0c2a-4504-9ad5-a2d22d990cb9', 'Lion Dance', 'a3343bf0-9171-4a52-ade5-1bd68eb1318d', 17, '2025-10-12 10:04:12.247107');
INSERT INTO acts (id, name, scene_id, sort_order, created_at) VALUES ('c15453a3-2a84-4514-aa24-efdc3247d178', 'Banquine', 'a3343bf0-9171-4a52-ade5-1bd68eb1318d', 18, '2025-10-12 10:04:22.277316');
INSERT INTO acts (id, name, scene_id, sort_order, created_at) VALUES ('5a879c94-bb40-4317-ab30-0e1a5f1835d4', 'Dry Ice Basket', 'a3343bf0-9171-4a52-ade5-1bd68eb1318d', 19, '2025-10-12 10:04:39.512617');
INSERT INTO acts (id, name, scene_id, sort_order, created_at) VALUES ('bb8004cb-835d-4e96-a708-dae9c73eb506', 'Chapelle Intro', 'd2c9caa5-6d37-46cc-8d5f-ad5165d04c4a', 7, '2025-10-12 10:01:03.640984');
INSERT INTO acts (id, name, scene_id, sort_order, created_at) VALUES ('3f21ab57-0745-47ae-ab99-bef2f9647fba', 'Chapelle', 'd2c9caa5-6d37-46cc-8d5f-ad5165d04c4a', 8, '2025-10-12 10:01:15.901751');
INSERT INTO acts (id, name, scene_id, sort_order, created_at) VALUES ('45fb5b7b-1134-4204-a9e1-86a0d991160a', 'Chapelle Exit', 'd2c9caa5-6d37-46cc-8d5f-ad5165d04c4a', 9, '2025-10-12 10:01:32.76382');
INSERT INTO acts (id, name, scene_id, sort_order, created_at) VALUES ('d2ac16b8-ed63-4187-ae7a-e66707c5fa1e', 'Pre-Show', 'da773699-42c0-4aea-89ca-596178faf7c1', 1, '2025-10-10 20:06:46.182465');
INSERT INTO acts (id, name, scene_id, sort_order, created_at) VALUES ('ff7ed012-432b-437e-9de6-5294fd873ec0', 'Kidnap', 'df91fa92-7114-4e32-a0e5-70462b68401f', 26, '2025-10-12 10:06:37.597597');
INSERT INTO acts (id, name, scene_id, sort_order, created_at) VALUES ('b7fba898-f32a-4fbd-82f2-c882d2719316', 'Globe of Death', 'df91fa92-7114-4e32-a0e5-70462b68401f', 27, '2025-10-12 10:06:45.121466');
INSERT INTO acts (id, name, scene_id, sort_order, created_at) VALUES ('a4123761-c43c-4f57-b120-c5cde3c78f3c', 'Jungle Gym', 'e14a6f47-8764-4d4f-a74c-41690ac8c854', 10, '2025-10-12 10:01:47.183922');
INSERT INTO acts (id, name, scene_id, sort_order, created_at) VALUES ('c4ab0bc3-312e-496e-ba9e-dcd2e34cafc7', 'Slackline', 'e14a6f47-8764-4d4f-a74c-41690ac8c854', 11, '2025-10-12 10:01:56.585336');
INSERT INTO acts (id, name, scene_id, sort_order, created_at) VALUES ('d245e0bc-2d5f-4107-88b2-f4418c1e9ee1', 'Robot Kuka Drum', 'f90c2a0f-921e-4ab1-9b68-104da0736137', 12, '2025-10-12 10:02:15.320252');
INSERT INTO acts (id, name, scene_id, sort_order, created_at) VALUES ('a278e9ac-e116-4c0d-939c-15ca97bba8a0', 'Ladder Dive', 'f90c2a0f-921e-4ab1-9b68-104da0736137', 13, '2025-10-12 10:02:23.221874');
INSERT INTO acts (id, name, scene_id, sort_order, created_at) VALUES ('fc0d8964-f744-4424-8cb8-6ddd8aa33476', 'Chase', 'f90c2a0f-921e-4ab1-9b68-104da0736137', 14, '2025-10-12 10:02:30.338293');
INSERT INTO acts (id, name, scene_id, sort_order, created_at) VALUES ('5a24f592-00ac-42e1-8fb9-019560036c75', 'Towerbridge', 'ff7f61eb-a4f7-4ee8-8681-4909c2604154', 5, '2025-10-12 09:55:22.546106');

INSERT INTO departments (id, name, sort_order, created_at) VALUES ('155b0ed0-6820-434c-bc7b-4f57a8d670a8', 'Automation - Aerial', 0, '2025-10-10 19:49:45.815933');
INSERT INTO departments (id, name, sort_order, created_at) VALUES ('bd07048c-5133-4613-8990-b9be0023f08a', 'Aquatics', 2, '2025-10-10 19:50:18.486018');
INSERT INTO departments (id, name, sort_order, created_at) VALUES ('47ced0a9-5d4f-47c9-8460-be55b6024f1f', 'Carpentry', 2, '2025-10-10 19:50:29.381827');
INSERT INTO departments (id, name, sort_order, created_at) VALUES ('677b7ac5-f962-4ad9-a975-d490894712c8', 'Coaching', 3, '2025-10-10 19:51:02.89109');
INSERT INTO departments (id, name, sort_order, created_at) VALUES ('95852aae-5228-404f-8d91-00f677f785f3', 'Lighting', 4, '2025-10-10 19:51:14.436446');
INSERT INTO departments (id, name, sort_order, created_at) VALUES ('929a3866-43be-4b73-9f3a-20889e2bb487', 'Performance Wellness - PWD', 5, '2025-10-10 19:51:32.143277');
INSERT INTO departments (id, name, sort_order, created_at) VALUES ('d3aa7d41-e7d9-4891-b209-81bfb037b184', 'Rigging', 6, '2025-10-10 19:51:53.537408');
INSERT INTO departments (id, name, sort_order, created_at) VALUES ('d16199e9-7c76-4b25-b76b-b8a15a926c08', 'Sound', 7, '2025-10-10 19:51:57.720837');
INSERT INTO departments (id, name, sort_order, created_at) VALUES ('b271e2ca-1e7c-4ce9-bda3-0425582f66da', 'Special Effects - SFX', 8, '2025-10-10 19:52:11.184935');
INSERT INTO departments (id, name, sort_order, created_at) VALUES ('c35c5136-e744-446c-a986-2ac61eafe05a', 'Video', 9, '2025-10-10 19:52:16.115977');
INSERT INTO departments (id, name, sort_order, created_at) VALUES ('74c8282d-719d-4e93-a341-a3ed7fc9c7b9', 'Wardrobe', 10, '2025-10-10 19:52:28.737978');
INSERT INTO departments (id, name, sort_order, created_at) VALUES ('ce95b423-b2c9-4ede-b30f-c400046d993c', 'Automation - Scenic', 12, '2025-10-11 11:05:09.264284');
INSERT INTO departments (id, name, sort_order, created_at) VALUES ('d06cc4f6-4616-41d1-b6a4-3d4672dffcb7', 'Automation - Grid', 13, '2025-10-11 12:37:48.406554');

INSERT INTO location_types (id, name, sort_order, created_at) VALUES ('2a4e53a3-71b0-4b72-93b1-5722cf31455c', 'ONSTAGE', 0, '2025-10-10 16:39:29.90104');
INSERT INTO location_types (id, name, sort_order, created_at) VALUES ('d1edc4b3-0d8c-4ba5-be30-0bd1ee28aca4', 'BACKSTAGE', 1, '2025-10-10 16:39:35.685869');
INSERT INTO location_types (id, name, sort_order, created_at) VALUES ('af3f56a5-2cd6-43ce-917f-26e4d6b5be4f', 'THEATER', 2, '2025-10-10 16:39:41.598406');
INSERT INTO location_types (id, name, sort_order, created_at) VALUES ('2e56e50b-6cf9-4b35-8e6d-f52e5c50a8fb', 'RESIDENCE', 3, '2025-10-10 16:39:46.941859');

INSERT INTO locations (id, name, location_type_id, sort_order, created_at) VALUES ('70e0c68f-e3ad-4af4-9511-92c17f7dd3e2', 'Pool', '2a4e53a3-71b0-4b72-93b1-5722cf31455c', 0, '2025-10-10 16:40:24.007806');
INSERT INTO locations (id, name, location_type_id, sort_order, created_at) VALUES ('66cba02a-e7d2-41d1-8f94-3effd862e68e', 'Pole Court', '2a4e53a3-71b0-4b72-93b1-5722cf31455c', 1, '2025-10-10 16:40:54.098037');
INSERT INTO locations (id, name, location_type_id, sort_order, created_at) VALUES ('91aec562-f925-49a3-9ee6-92e6a55d2d0b', 'DRBA', '2a4e53a3-71b0-4b72-93b1-5722cf31455c', 2, '2025-10-10 16:41:31.623751');
INSERT INTO locations (id, name, location_type_id, sort_order, created_at) VALUES ('c88dc8ad-6f6f-48b3-887a-69cd01d2a6da', 'Stage Left', 'd1edc4b3-0d8c-4ba5-be30-0bd1ee28aca4', 3, '2025-10-10 16:42:03.309898');
INSERT INTO locations (id, name, location_type_id, sort_order, created_at) VALUES ('3303f90e-d6cd-42a7-9a38-2edf22fa8ed2', 'Stage Right', 'd1edc4b3-0d8c-4ba5-be30-0bd1ee28aca4', 4, '2025-10-10 16:42:15.088574');
INSERT INTO locations (id, name, location_type_id, sort_order, created_at) VALUES ('5d23e27e-3c6c-4a4c-8e4f-65ea5a7d62e6', 'FOH', 'af3f56a5-2cd6-43ce-917f-26e4d6b5be4f', 5, '2025-10-10 16:42:29.613979');
INSERT INTO locations (id, name, location_type_id, sort_order, created_at) VALUES ('bd1f8bbb-09de-4b8f-b12c-46eaea54f9b8', 'Gym', '2e56e50b-6cf9-4b35-8e6d-f52e5c50a8fb', 6, '2025-10-10 16:42:37.693028');

INSERT INTO artist_groups (id, name, sort_order, created_at) VALUES ('24e07cca-a31c-4cd1-a4f2-9d3e8f72d88c', 'CAST', 0, '2025-10-10 19:48:00.997558');
INSERT INTO artist_groups (id, name, sort_order, created_at) VALUES ('1c79e92a-d851-4f5f-adbc-4a49a4c76c74', 'UNDERSTUDIES', 1, '2025-10-10 19:48:09.161047');
INSERT INTO artist_groups (id, name, sort_order, created_at) VALUES ('89740dce-d1fa-4f44-a2a0-dd0def7a3ee1', 'SWINGS', 2, '2025-10-10 19:48:17.653928');

INSERT INTO artists (id, name, artist_group_id, sort_order, created_at) VALUES ('60e6c0b1-7802-4859-9d42-5bc9b4fd6f34', 'Alice', '24e07cca-a31c-4cd1-a4f2-9d3e8f72d88c', 0, '2025-10-10 19:53:02.890564');
INSERT INTO artists (id, name, artist_group_id, sort_order, created_at) VALUES ('aded3cc9-b97d-4c67-916b-94ff6e8d5ea4', 'Sofi', '24e07cca-a31c-4cd1-a4f2-9d3e8f72d88c', 1, '2025-10-10 19:53:23.856387');
INSERT INTO artists (id, name, artist_group_id, sort_order, created_at) VALUES ('e1c43cbb-42b6-458d-a8b3-3dcea45ef7e4', 'Laure', '24e07cca-a31c-4cd1-a4f2-9d3e8f72d88c', 2, '2025-10-10 19:53:36.598682');
INSERT INTO artists (id, name, artist_group_id, sort_order, created_at) VALUES ('f4d98af3-f6d3-4fb8-b6e2-c46ecc57c69f', 'Greta', '24e07cca-a31c-4cd1-a4f2-9d3e8f72d88c', 3, '2025-10-10 19:53:48.044476');
INSERT INTO artists (id, name, artist_group_id, sort_order, created_at) VALUES ('f0c02fb9-d867-469b-b8f8-ed3c86d28fa7', 'Alina', '24e07cca-a31c-4cd1-a4f2-9d3e8f72d88c', 4, '2025-10-10 19:54:02.925086');
INSERT INTO artists (id, name, artist_group_id, sort_order, created_at) VALUES ('64eedc35-2eb3-4f3e-9d58-1ca5e4c70e3c', 'Dima', '24e07cca-a31c-4cd1-a4f2-9d3e8f72d88c', 5, '2025-10-10 19:54:16.313613');
INSERT INTO artists (id, name, artist_group_id, sort_order, created_at) VALUES ('c3f52cde-0f78-4667-8e27-5326cee53a4f', 'Marat', '24e07cca-a31c-4cd1-a4f2-9d3e8f72d88c', 6, '2025-10-10 19:54:29.229714');
INSERT INTO artists (id, name, artist_group_id, sort_order, created_at) VALUES ('df6cceb2-0f04-4e01-b1d3-5ee1f12bb2ad', 'Kristy', '24e07cca-a31c-4cd1-a4f2-9d3e8f72d88c', 7, '2025-10-10 19:54:44.372423');
INSERT INTO artists (id, name, artist_group_id, sort_order, created_at) VALUES ('c65a7bcb-0530-4e08-96a2-f11ebf18ed4b', 'Mitch', '24e07cca-a31c-4cd1-a4f2-9d3e8f72d88c', 8, '2025-10-10 19:54:55.750373');
INSERT INTO artists (id, name, artist_group_id, sort_order, created_at) VALUES ('a5d0e2f4-0993-4ae7-8be5-32e41f7c93b4', 'Kaden', '24e07cca-a31c-4cd1-a4f2-9d3e8f72d88c', 9, '2025-10-10 19:55:06.999968');
INSERT INTO artists (id, name, artist_group_id, sort_order, created_at) VALUES ('99f1f3d3-d2ee-4b2e-a0ec-cda56be4f949', 'Jack', '24e07cca-a31c-4cd1-a4f2-9d3e8f72d88c', 10, '2025-10-10 19:55:16.959072');
INSERT INTO artists (id, name, artist_group_id, sort_order, created_at) VALUES ('af70c913-eb89-4f45-9adc-2ca4c15a8950', 'Julien', '24e07cca-a31c-4cd1-a4f2-9d3e8f72d88c', 11, '2025-10-10 19:55:29.069862');
INSERT INTO artists (id, name, artist_group_id, sort_order, created_at) VALUES ('edd5b64d-e85a-4bba-9d58-25bf76eeedc0', 'Mikhail', '24e07cca-a31c-4cd1-a4f2-9d3e8f72d88c', 12, '2025-10-10 19:55:41.109819');
INSERT INTO artists (id, name, artist_group_id, sort_order, created_at) VALUES ('0e9dce22-03b1-4bea-acaa-3bd1b5e7b85a', 'Samat', '24e07cca-a31c-4cd1-a4f2-9d3e8f72d88c', 13, '2025-10-10 19:55:53.319726');
INSERT INTO artists (id, name, artist_group_id, sort_order, created_at) VALUES ('4be8c6f1-c8fe-4e8d-b8cc-ab0c2224d96b', 'Pavel', '24e07cca-a31c-4cd1-a4f2-9d3e8f72d88c', 14, '2025-10-10 19:56:05.073982');
INSERT INTO artists (id, name, artist_group_id, sort_order, created_at) VALUES ('ae51a42a-7c98-4e48-9cec-f89c0f062cbe', 'Rinat', '24e07cca-a31c-4cd1-a4f2-9d3e8f72d88c', 15, '2025-10-10 19:56:16.999891');
INSERT INTO artists (id, name, artist_group_id, sort_order, created_at) VALUES ('ac6f24cc-3ed5-4edb-b9ec-6c56fc32b7d9', 'Sergei', '24e07cca-a31c-4cd1-a4f2-9d3e8f72d88c', 16, '2025-10-10 19:56:28.609817');
INSERT INTO artists (id, name, artist_group_id, sort_order, created_at) VALUES ('8c1ec96c-72fe-4668-b9b8-fa1c03653da6', 'Kuan', '24e07cca-a31c-4cd1-a4f2-9d3e8f72d88c', 17, '2025-10-10 19:56:41.559876');
INSERT INTO artists (id, name, artist_group_id, sort_order, created_at) VALUES ('9dc1df42-4bf7-47e5-a2e5-b13f8fa07c6b', 'Eugene', '24e07cca-a31c-4cd1-a4f2-9d3e8f72d88c', 18, '2025-10-10 19:56:53.13981');
INSERT INTO artists (id, name, artist_group_id, sort_order, created_at) VALUES ('c065e32f-3df6-42f0-b80c-b95767f8419c', 'Amaury', '24e07cca-a31c-4cd1-a4f2-9d3e8f72d88c', 19, '2025-10-10 19:57:09.419876');
INSERT INTO artists (id, name, artist_group_id, sort_order, created_at) VALUES ('2f7ba52a-aaca-4ba6-a02e-cfae52fef41a', 'Amir', '24e07cca-a31c-4cd1-a4f2-9d3e8f72d88c', 20, '2025-10-10 19:57:37.519915');
INSERT INTO artists (id, name, artist_group_id, sort_order, created_at) VALUES ('b6d13aa7-bde5-4beb-b5cf-0570d8a4e2ba', 'Lachlan', '24e07cca-a31c-4cd1-a4f2-9d3e8f72d88c', 21, '2025-10-10 19:57:47.813818');
INSERT INTO artists (id, name, artist_group_id, sort_order, created_at) VALUES ('f97330ff-2c46-4baf-9efe-1fed5ec81c55', 'Ruslan', '24e07cca-a31c-4cd1-a4f2-9d3e8f72d88c', 22, '2025-10-10 19:57:59.353867');
INSERT INTO artists (id, name, artist_group_id, sort_order, created_at) VALUES ('4dd9cd82-bfc9-4c62-9c07-b57ec8ca40c5', 'Brenden', '24e07cca-a31c-4cd1-a4f2-9d3e8f72d88c', 23, '2025-10-10 19:58:25.649893');
INSERT INTO artists (id, name, artist_group_id, sort_order, created_at) VALUES ('81d57dc5-d88d-46e8-96e0-37abebf5ba6c', 'Brendon', '24e07cca-a31c-4cd1-a4f2-9d3e8f72d88c', 24, '2025-10-10 19:58:36.663933');
INSERT INTO artists (id, name, artist_group_id, sort_order, created_at) VALUES ('3e8b8af5-1c33-41ca-80cd-f98bcd854a3c', 'Andrii', '24e07cca-a31c-4cd1-a4f2-9d3e8f72d88c', 25, '2025-10-10 19:58:47.569819');
INSERT INTO artists (id, name, artist_group_id, sort_order, created_at) VALUES ('ecd12ee1-44be-4fe4-a7e3-80f6ac2a3835', 'Dmitrii', '24e07cca-a31c-4cd1-a4f2-9d3e8f72d88c', 26, '2025-10-10 19:59:01.223786');
INSERT INTO artists (id, name, artist_group_id, sort_order, created_at) VALUES ('9fbeade1-e62b-469f-a0bb-a21c78f5af64', 'Vadim', '24e07cca-a31c-4cd1-a4f2-9d3e8f72d88c', 27, '2025-10-10 19:59:13.859808');
INSERT INTO artists (id, name, artist_group_id, sort_order, created_at) VALUES ('8a2e76bf-a066-4f26-9d7c-c9e7b51ce092', 'Igor', '24e07cca-a31c-4cd1-a4f2-9d3e8f72d88c', 28, '2025-10-10 19:59:25.689763');
INSERT INTO artists (id, name, artist_group_id, sort_order, created_at) VALUES ('15bdda74-0224-46df-8891-3facc94a3ab2', 'Rodion', '24e07cca-a31c-4cd1-a4f2-9d3e8f72d88c', 29, '2025-10-10 19:59:37.059772');
INSERT INTO artists (id, name, artist_group_id, sort_order, created_at) VALUES ('d1c48f02-0b5d-4e51-a7be-79bde5fbbff3', 'Tukki', '24e07cca-a31c-4cd1-a4f2-9d3e8f72d88c', 30, '2025-10-10 19:59:48.773804');
INSERT INTO artists (id, name, artist_group_id, sort_order, created_at) VALUES ('b9a24ddf-1326-4e4f-8a45-45bd5abd2c77', 'Jonathan', '24e07cca-a31c-4cd1-a4f2-9d3e8f72d88c', 31, '2025-10-10 20:00:04.79987');
INSERT INTO artists (id, name, artist_group_id, sort_order, created_at) VALUES ('43fc4bcc-d3f8-4942-a5c6-4e8d3eee59d2', 'Michael', '24e07cca-a31c-4cd1-a4f2-9d3e8f72d88c', 32, '2025-10-10 20:00:17.299813');
INSERT INTO artists (id, name, artist_group_id, sort_order, created_at) VALUES ('17d48dd6-7f92-4f95-9b10-d85d01f33f87', 'Daria', '1c79e92a-d851-4f5f-adbc-4a49a4c76c74', 33, '2025-10-10 20:00:28.779866');
INSERT INTO artists (id, name, artist_group_id, sort_order, created_at) VALUES ('16430c14-5767-45ce-b1ec-4cebf8e5f3b3', 'Ivan', '1c79e92a-d851-4f5f-adbc-4a49a4c76c74', 34, '2025-10-10 20:00:39.699768');
INSERT INTO artists (id, name, artist_group_id, sort_order, created_at) VALUES ('2b51f8cc-3c48-43ca-9ef5-da8f3e006878', 'Nikolai', '1c79e92a-d851-4f5f-adbc-4a49a4c76c74', 35, '2025-10-10 20:00:50.433801');
INSERT INTO artists (id, name, artist_group_id, sort_order, created_at) VALUES ('b4ce1b27-55f9-46cd-bb2c-01a73ea81ad8', 'Yuri', '1c79e92a-d851-4f5f-adbc-4a49a4c76c74', 36, '2025-10-10 20:00:59.693757');
INSERT INTO artists (id, name, artist_group_id, sort_order, created_at) VALUES ('edddcc9c-8606-4c5d-bf97-1a02edca5a5c', 'Anatoly', '1c79e92a-d851-4f5f-adbc-4a49a4c76c74', 37, '2025-10-10 20:01:10.613769');
INSERT INTO artists (id, name, artist_group_id, sort_order, created_at) VALUES ('bb3f65e8-3742-4a70-8f1b-92b7d1bf8789', 'Nurdan', '1c79e92a-d851-4f5f-adbc-4a49a4c76c74', 38, '2025-10-10 20:01:22.43978');
INSERT INTO artists (id, name, artist_group_id, sort_order, created_at) VALUES ('52bebc13-73bb-4a51-83fb-e08bd5b81d37', 'Owen', '1c79e92a-d851-4f5f-adbc-4a49a4c76c74', 39, '2025-10-10 20:01:32.173773');
INSERT INTO artists (id, name, artist_group_id, sort_order, created_at) VALUES ('5c07fc74-fcf1-4ea2-9c97-ced80ae52d67', 'Tom', '1c79e92a-d851-4f5f-adbc-4a49a4c76c74', 40, '2025-10-10 20:01:41.28375');
INSERT INTO artists (id, name, artist_group_id, sort_order, created_at) VALUES ('db79d5c8-f44f-4c2f-a3e4-d9cb9a96a5c1', 'Andrey', '1c79e92a-d851-4f5f-adbc-4a49a4c76c74', 41, '2025-10-10 20:01:51.493729');
INSERT INTO artists (id, name, artist_group_id, sort_order, created_at) VALUES ('c0d45a0b-0b7f-4de7-b0a3-d67bf7f1d80f', 'Olga', '1c79e92a-d851-4f5f-adbc-4a49a4c76c74', 42, '2025-10-10 20:02:01.313841');
INSERT INTO artists (id, name, artist_group_id, sort_order, created_at) VALUES ('04c21ed5-cfc3-4e14-8fa3-f6db8e1a47b4', 'Yuliya', '1c79e92a-d851-4f5f-adbc-4a49a4c76c74', 43, '2025-10-10 20:02:15.493763');
INSERT INTO artists (id, name, artist_group_id, sort_order, created_at) VALUES ('b1d2b4ba-76ab-45fb-baef-e2caab07dc1f', 'Alessio', '1c79e92a-d851-4f5f-adbc-4a49a4c76c74', 44, '2025-10-10 20:02:28.193808');
INSERT INTO artists (id, name, artist_group_id, sort_order, created_at) VALUES ('cfd7b0e7-f16e-4e5d-9b8e-9e77f46bd069', 'Liya', '89740dce-d1fa-4f44-a2a0-dd0def7a3ee1', 45, '2025-10-10 20:02:39.653796');
INSERT INTO artists (id, name, artist_group_id, sort_order, created_at) VALUES ('a8cd1d3f-3db5-443d-a45b-c1eb3f3e56cf', 'Alisher', '89740dce-d1fa-4f44-a2a0-dd0def7a3ee1', 46, '2025-10-10 20:02:53.283806');

INSERT INTO technicians (id, name, sort_order, created_at) VALUES ('5bcc6fcb-fa8f-4d2c-ad23-77b24d08aa30', 'Mohamed', 0, '2025-10-11 05:57:32.725584');
INSERT INTO technicians (id, name, sort_order, created_at) VALUES ('53668dd7-6e86-4f39-8f1a-cf3ce1b69b7d', 'Ramzan', 1, '2025-10-11 05:57:40.464618');
INSERT INTO technicians (id, name, sort_order, created_at) VALUES ('12bd7d7a-acb4-4a7d-9cf5-d33bb76e8997', 'Yurii', 2, '2025-10-11 05:57:47.856634');
INSERT INTO technicians (id, name, sort_order, created_at) VALUES ('e8f11a5a-d45e-4c59-aef4-96fd0374d24f', 'Adeyemi', 3, '2025-10-11 05:57:57.128602');
INSERT INTO technicians (id, name, sort_order, created_at) VALUES ('10d1cd5b-a44f-4cba-a5cd-d0bf8a7ad8cc', 'Vincent', 4, '2025-10-11 05:58:05.7126');
INSERT INTO technicians (id, name, sort_order, created_at) VALUES ('0e04dc16-06f9-45a2-8ce7-f70fc8b67e78', 'Noel', 5, '2025-10-11 05:58:13.512652');
INSERT INTO technicians (id, name, sort_order, created_at) VALUES ('bd1c23d3-aaf3-44c2-a22a-56af15f5d7a0', 'Jerry', 6, '2025-10-11 05:58:20.304675');
INSERT INTO technicians (id, name, sort_order, created_at) VALUES ('c92b7343-47ee-49ff-8c56-f38e4d69bbae', 'Sergey', 7, '2025-10-11 05:58:28.784625');
INSERT INTO technicians (id, name, sort_order, created_at) VALUES ('fe80fc88-9c9a-421a-9769-98e3c4feb6ae', 'Blas', 8, '2025-10-11 05:58:36.984591');
INSERT INTO technicians (id, name, sort_order, created_at) VALUES ('d04f53c2-7c29-440f-9eb4-2d17d0e84b12', 'Andres', 9, '2025-10-11 05:58:47.112597');
INSERT INTO technicians (id, name, sort_order, created_at) VALUES ('8e3a5dcb-7fe1-4236-a95f-1c5f65f35dde', 'Edgardo', 10, '2025-10-11 05:58:57.088609');
INSERT INTO technicians (id, name, sort_order, created_at) VALUES ('af8c1ef0-e33e-4e3c-ab71-bc9d45099b66', 'Berto', 11, '2025-10-11 05:59:05.224634');
INSERT INTO technicians (id, name, sort_order, created_at) VALUES ('01764a3a-8c3d-48f5-ae2a-c4d90bb0df36', 'Jomel', 12, '2025-10-11 05:59:13.488615');
INSERT INTO technicians (id, name, sort_order, created_at) VALUES ('8ac57738-8607-4b18-85e7-fdcc98fead35', 'Ivan', 13, '2025-10-11 05:59:22.048674');
INSERT INTO technicians (id, name, sort_order, created_at) VALUES ('feefd6d2-e7d7-4a68-bc12-b31f17925c5f', 'Sai Charan', 14, '2025-10-11 05:59:31.864618');
INSERT INTO technicians (id, name, sort_order, created_at) VALUES ('d3a4cf60-4e5e-4050-897f-e3a74c6ed94c', 'Oleksandr', 15, '2025-10-11 05:59:43.280604');
INSERT INTO technicians (id, name, sort_order, created_at) VALUES ('10fafa22-1d84-44e7-9bc3-f47d3c4df28d', 'Renell', 16, '2025-10-11 05:59:58.344603');
INSERT INTO technicians (id, name, sort_order, created_at) VALUES ('80b5b9cd-cf96-4c34-98a2-9d89edf4ede1', 'Eugene', 17, '2025-10-11 06:00:06.208629');
INSERT INTO technicians (id, name, sort_order, created_at) VALUES ('c4e59b0f-e2f9-450c-af1b-1f0ec8d30a30', 'Sam', 18, '2025-10-11 06:00:13.328598');
INSERT INTO technicians (id, name, sort_order, created_at) VALUES ('be25cb3b-40fe-4eae-95e3-f8a7ab2d5ab6', 'Patrick', 19, '2025-10-11 06:00:21.912566');
INSERT INTO technicians (id, name, sort_order, created_at) VALUES ('c3fc0609-4d85-4d0c-89dc-95aad7e41ee1', 'Harley', 20, '2025-10-11 06:00:30.200586');
INSERT INTO technicians (id, name, sort_order, created_at) VALUES ('56867a7f-e1c9-43d1-9e90-74bb8e2d7c3e', 'Hannah Deen', 21, '2025-10-11 06:00:46.632588');
INSERT INTO technicians (id, name, sort_order, created_at) VALUES ('13c16156-9258-466f-a638-b7e3b4c32aff', 'Alex', 22, '2025-10-11 06:00:55.520533');
INSERT INTO technicians (id, name, sort_order, created_at) VALUES ('27a03caa-eb4f-4a61-83db-c2c39fcaddb0', 'Vadym', 23, '2025-10-11 06:01:03.7046');
INSERT INTO technicians (id, name, sort_order, created_at) VALUES ('77b850be-dc52-41a9-ac21-1c6385acf9a9', 'Kateryna', 24, '2025-10-11 06:01:21.288573');

INSERT INTO technician_departments (technician_id, department_id) VALUES ('5bcc6fcb-fa8f-4d2c-ad23-77b24d08aa30', '155b0ed0-6820-434c-bc7b-4f57a8d670a8');
INSERT INTO technician_departments (technician_id, department_id) VALUES ('53668dd7-6e86-4f39-8f1a-cf3ce1b69b7d', '155b0ed0-6820-434c-bc7b-4f57a8d670a8');
INSERT INTO technician_departments (technician_id, department_id) VALUES ('12bd7d7a-acb4-4a7d-9cf5-d33bb76e8997', '155b0ed0-6820-434c-bc7b-4f57a8d670a8');
INSERT INTO technician_departments (technician_id, department_id) VALUES ('e8f11a5a-d45e-4c59-aef4-96fd0374d24f', 'bd07048c-5133-4613-8990-b9be0023f08a');
INSERT INTO technician_departments (technician_id, department_id) VALUES ('10d1cd5b-a44f-4cba-a5cd-d0bf8a7ad8cc', 'bd07048c-5133-4613-8990-b9be0023f08a');
INSERT INTO technician_departments (technician_id, department_id) VALUES ('0e04dc16-06f9-45a2-8ce7-f70fc8b67e78', '47ced0a9-5d4f-47c9-8460-be55b6024f1f');
INSERT INTO technician_departments (technician_id, department_id) VALUES ('bd1c23d3-aaf3-44c2-a22a-56af15f5d7a0', '95852aae-5228-404f-8d91-00f677f785f3');
INSERT INTO technician_departments (technician_id, department_id) VALUES ('c92b7343-47ee-49ff-8c56-f38e4d69bbae', 'd3aa7d41-e7d9-4891-b209-81bfb037b184');
INSERT INTO technician_departments (technician_id, department_id) VALUES ('fe80fc88-9c9a-421a-9769-98e3c4feb6ae', 'd3aa7d41-e7d9-4891-b209-81bfb037b184');
INSERT INTO technician_departments (technician_id, department_id) VALUES ('d04f53c2-7c29-440f-9eb4-2d17d0e84b12', 'd16199e9-7c76-4b25-b76b-b8a15a926c08');
INSERT INTO technician_departments (technician_id, department_id) VALUES ('8e3a5dcb-7fe1-4236-a95f-1c5f65f35dde', 'd16199e9-7c76-4b25-b76b-b8a15a926c08');
INSERT INTO technician_departments (technician_id, department_id) VALUES ('af8c1ef0-e33e-4e3c-ab71-bc9d45099b66', 'b271e2ca-1e7c-4ce9-bda3-0425582f66da');
INSERT INTO technician_departments (technician_id, department_id) VALUES ('01764a3a-8c3d-48f5-ae2a-c4d90bb0df36', 'b271e2ca-1e7c-4ce9-bda3-0425582f66da');
INSERT INTO technician_departments (technician_id, department_id) VALUES ('8ac57738-8607-4b18-85e7-fdcc98fead35', 'c35c5136-e744-446c-a986-2ac61eafe05a');
INSERT INTO technician_departments (technician_id, department_id) VALUES ('feefd6d2-e7d7-4a68-bc12-b31f17925c5f', 'c35c5136-e744-446c-a986-2ac61eafe05a');
INSERT INTO technician_departments (technician_id, department_id) VALUES ('d3a4cf60-4e5e-4050-897f-e3a74c6ed94c', '74c8282d-719d-4e93-a341-a3ed7fc9c7b9');
INSERT INTO technician_departments (technician_id, department_id) VALUES ('10fafa22-1d84-44e7-9bc3-f47d3c4df28d', '74c8282d-719d-4e93-a341-a3ed7fc9c7b9');
INSERT INTO technician_departments (technician_id, department_id) VALUES ('80b5b9cd-cf96-4c34-98a2-9d89edf4ede1', '74c8282d-719d-4e93-a341-a3ed7fc9c7b9');
INSERT INTO technician_departments (technician_id, department_id) VALUES ('c4e59b0f-e2f9-450c-af1b-1f0ec8d30a30', 'ce95b423-b2c9-4ede-b30f-c400046d993c');
INSERT INTO technician_departments (technician_id, department_id) VALUES ('be25cb3b-40fe-4eae-95e3-f8a7ab2d5ab6', 'ce95b423-b2c9-4ede-b30f-c400046d993c');
INSERT INTO technician_departments (technician_id, department_id) VALUES ('c3fc0609-4d85-4d0c-89dc-95aad7e41ee1', 'ce95b423-b2c9-4ede-b30f-c400046d993c');
INSERT INTO technician_departments (technician_id, department_id) VALUES ('56867a7f-e1c9-43d1-9e90-74bb8e2d7c3e', 'd06cc4f6-4616-41d1-b6a4-3d4672dffcb7');
INSERT INTO technician_departments (technician_id, department_id) VALUES ('13c16156-9258-466f-a638-b7e3b4c32aff', 'd06cc4f6-4616-41d1-b6a4-3d4672dffcb7');
INSERT INTO technician_departments (technician_id, department_id) VALUES ('27a03caa-eb4f-4a61-83db-c2c39fcaddb0', 'd06cc4f6-4616-41d1-b6a4-3d4672dffcb7');
INSERT INTO technician_departments (technician_id, department_id) VALUES ('77b850be-dc52-41a9-ac21-1c6385acf9a9', 'd06cc4f6-4616-41d1-b6a4-3d4672dffcb7');

INSERT INTO scene_departments (scene_id, department_id) VALUES ('2abe430c-c88f-4c11-bb7f-6e7bd01780cd', '155b0ed0-6820-434c-bc7b-4f57a8d670a8');
INSERT INTO scene_departments (scene_id, department_id) VALUES ('2abe430c-c88f-4c11-bb7f-6e7bd01780cd', 'bd07048c-5133-4613-8990-b9be0023f08a');
INSERT INTO scene_departments (scene_id, department_id) VALUES ('2abe430c-c88f-4c11-bb7f-6e7bd01780cd', '677b7ac5-f962-4ad9-a975-d490894712c8');
INSERT INTO scene_departments (scene_id, department_id) VALUES ('2abe430c-c88f-4c11-bb7f-6e7bd01780cd', '95852aae-5228-404f-8d91-00f677f785f3');
INSERT INTO scene_departments (scene_id, department_id) VALUES ('2abe430c-c88f-4c11-bb7f-6e7bd01780cd', '929a3866-43be-4b73-9f3a-20889e2bb487');
INSERT INTO scene_departments (scene_id, department_id) VALUES ('2abe430c-c88f-4c11-bb7f-6e7bd01780cd', 'd3aa7d41-e7d9-4891-b209-81bfb037b184');
INSERT INTO scene_departments (scene_id, department_id) VALUES ('2abe430c-c88f-4c11-bb7f-6e7bd01780cd', 'd16199e9-7c76-4b25-b76b-b8a15a926c08');
INSERT INTO scene_departments (scene_id, department_id) VALUES ('2abe430c-c88f-4c11-bb7f-6e7bd01780cd', 'b271e2ca-1e7c-4ce9-bda3-0425582f66da');
INSERT INTO scene_departments (scene_id, department_id) VALUES ('2abe430c-c88f-4c11-bb7f-6e7bd01780cd', 'c35c5136-e744-446c-a986-2ac61eafe05a');
INSERT INTO scene_departments (scene_id, department_id) VALUES ('2abe430c-c88f-4c11-bb7f-6e7bd01780cd', '74c8282d-719d-4e93-a341-a3ed7fc9c7b9');

INSERT INTO scene_artists (scene_id, artist_id) VALUES ('2abe430c-c88f-4c11-bb7f-6e7bd01780cd', '60e6c0b1-7802-4859-9d42-5bc9b4fd6f34');

COMMIT;
